module,serviceId,action,viRoute,enRoute,scope,freePaid,input,expectedOutput,testId,status,evidence
palm,palm,analyze,/chitay,/en/palm-reading,session,paid:7pt,palm photo+consent (camera/upload),vision AI palm reading,PL-01,mapped-vi,services/admin/catalog.ts; prod site-config paid:7pt
lunar-calendar,lunar-calendar,view,/licham,/en/lunar-calendar,period,free,solar date,"lunar date, can chi, good hours (deterministic, no AI)",LC-01,mapped-vi,services/admin/catalog.ts; prod site-config free
experts,experts,book,/chuyengia,,session,n/a,booking form+contact,expert booking request,EX-01,excluded-en,plan route map: /en/experts returns 404; VI untouched (services/admin/modules.ts)
tuvi,tuvi--tim-hieu-ban-than--tinh-cach,read,/tuvi?topic=tim-hieu-ban-than&sub=tinh-cach,/en/zi-wei?topic=tim-hieu-ban-than&sub=tinh-cach,profile,free,"profile(dob,gender,birthHour,place)+topic+sub",structured AI reading (12 palaces + advice),TV-01,mapped-vi,services/admin/catalog.ts; prod site-config free
tuvi,tuvi--tim-hieu-ban-than--thu-thach,read,/tuvi?topic=tim-hieu-ban-than&sub=thu-thach,/en/zi-wei?topic=tim-hieu-ban-than&sub=thu-thach,profile,paid:9pt,"profile(dob,gender,birthHour,place)+topic+sub",structured AI reading (12 palaces + advice),TV-02,mapped-vi,services/admin/catalog.ts; prod site-config paid:9pt
tuvi,tuvi--tim-hieu-ban-than--yeu-to-tac-dong,read,/tuvi?topic=tim-hieu-ban-than&sub=yeu-to-tac-dong,/en/zi-wei?topic=tim-hieu-ban-than&sub=yeu-to-tac-dong,profile,paid:9pt,"profile(dob,gender,birthHour,place)+topic+sub",structured AI reading (12 palaces + advice),TV-03,mapped-vi,services/admin/catalog.ts; prod site-config paid:9pt
tuvi,tuvi--tim-hieu-ban-than--no-nghiep,read,/tuvi?topic=tim-hieu-ban-than&sub=no-nghiep,/en/zi-wei?topic=tim-hieu-ban-than&sub=no-nghiep,profile,paid:9pt,"profile(dob,gender,birthHour,place)+topic+sub",structured AI reading (12 palaces + advice),TV-04,mapped-vi,services/admin/catalog.ts; prod site-config paid:9pt
tuvi,tuvi--su-nghiep-tai-loc--tong-quan,read,/tuvi?topic=su-nghiep-tai-loc&sub=tong-quan,/en/zi-wei?topic=su-nghiep-tai-loc&sub=tong-quan,profile,free,"profile(dob,gender,birthHour,place)+topic+sub",structured AI reading (12 palaces + advice),TV-05,mapped-vi,services/admin/catalog.ts; prod site-config free
tuvi,tuvi--su-nghiep-tai-loc--con-nguoi-cong-viec,read,/tuvi?topic=su-nghiep-tai-loc&sub=con-nguoi-cong-viec,/en/zi-wei?topic=su-nghiep-tai-loc&sub=con-nguoi-cong-viec,profile,paid:9pt,"profile(dob,gender,birthHour,place)+topic+sub",structured AI reading (12 palaces + advice),TV-06,mapped-vi,services/admin/catalog.ts; prod site-config paid:9pt
tuvi,tuvi--su-nghiep-tai-loc--nganh-nghe,read,/tuvi?topic=su-nghiep-tai-loc&sub=nganh-nghe,/en/zi-wei?topic=su-nghiep-tai-loc&sub=nganh-nghe,profile,paid:9pt,"profile(dob,gender,birthHour,place)+topic+sub",structured AI reading (12 palaces + advice),TV-07,mapped-vi,services/admin/catalog.ts; prod site-config paid:9pt
tuvi,tuvi--su-nghiep-tai-loc--loi-khuyen-tc,read,/tuvi?topic=su-nghiep-tai-loc&sub=loi-khuyen-tc,/en/zi-wei?topic=su-nghiep-tai-loc&sub=loi-khuyen-tc,profile,paid:9pt,"profile(dob,gender,birthHour,place)+topic+sub",structured AI reading (12 palaces + advice),TV-08,mapped-vi,services/admin/catalog.ts; prod site-config paid:9pt
tuvi,tuvi--van-trinh-su-nghiep--van-trinh-cong-danh,read,/tuvi?topic=van-trinh-su-nghiep&sub=van-trinh-cong-danh,/en/zi-wei?topic=van-trinh-su-nghiep&sub=van-trinh-cong-danh,profile,paid:9pt,"profile(dob,gender,birthHour,place)+topic+sub",structured AI reading (12 palaces + advice),TV-09,mapped-vi,services/admin/catalog.ts; prod site-config paid:9pt
tuvi,tuvi--hieu-ban-doi--hieu-ban-doi-sub,read,/tuvi?topic=hieu-ban-doi&sub=hieu-ban-doi-sub,/en/zi-wei?topic=hieu-ban-doi&sub=hieu-ban-doi-sub,profile,paid:9pt,"profile(dob,gender,birthHour,place)+topic+sub",structured AI reading (12 palaces + advice),TV-10,mapped-vi,services/admin/catalog.ts; prod site-config paid:9pt
tuvi,tuvi--hieu-ban-doi--tac-dong-nguoi-ngoai,read,/tuvi?topic=hieu-ban-doi&sub=tac-dong-nguoi-ngoai,/en/zi-wei?topic=hieu-ban-doi&sub=tac-dong-nguoi-ngoai,profile,paid:9pt,"profile(dob,gender,birthHour,place)+topic+sub",structured AI reading (12 palaces + advice),TV-11,mapped-vi,services/admin/catalog.ts; prod site-config paid:9pt
tuvi,tuvi--hieu-ban-doi--hai-nguoi,read,/tuvi?topic=hieu-ban-doi&sub=hai-nguoi,/en/zi-wei?topic=hieu-ban-doi&sub=hai-nguoi,profile,paid:9pt,"profile(dob,gender,birthHour,place)+topic+sub",structured AI reading (12 palaces + advice),TV-12,mapped-vi,services/admin/catalog.ts; prod site-config paid:9pt
tuvi,tuvi--tinh-duyen-hon-nhan--ban-trong-tinh-yeu,read,/tuvi?topic=tinh-duyen-hon-nhan&sub=ban-trong-tinh-yeu,/en/zi-wei?topic=tinh-duyen-hon-nhan&sub=ban-trong-tinh-yeu,profile,paid:9pt,"profile(dob,gender,birthHour,place)+topic+sub",structured AI reading (12 palaces + advice),TV-13,mapped-vi,services/admin/catalog.ts; prod site-config paid:9pt
tuvi,tuvi--tinh-duyen-hon-nhan--ai-thu-hut,read,/tuvi?topic=tinh-duyen-hon-nhan&sub=ai-thu-hut,/en/zi-wei?topic=tinh-duyen-hon-nhan&sub=ai-thu-hut,profile,paid:9pt,"profile(dob,gender,birthHour,place)+topic+sub",structured AI reading (12 palaces + advice),TV-14,mapped-vi,services/admin/catalog.ts; prod site-config paid:9pt
tuvi,tuvi--tinh-duyen-hon-nhan--kieu-nguoi-gap,read,/tuvi?topic=tinh-duyen-hon-nhan&sub=kieu-nguoi-gap,/en/zi-wei?topic=tinh-duyen-hon-nhan&sub=kieu-nguoi-gap,profile,paid:9pt,"profile(dob,gender,birthHour,place)+topic+sub",structured AI reading (12 palaces + advice),TV-15,mapped-vi,services/admin/catalog.ts; prod site-config paid:9pt
tuvi,tuvi--tinh-duyen-hon-nhan--ca-tinh-phu-hop,read,/tuvi?topic=tinh-duyen-hon-nhan&sub=ca-tinh-phu-hop,/en/zi-wei?topic=tinh-duyen-hon-nhan&sub=ca-tinh-phu-hop,profile,paid:9pt,"profile(dob,gender,birthHour,place)+topic+sub",structured AI reading (12 palaces + advice),TV-16,mapped-vi,services/admin/catalog.ts; prod site-config paid:9pt
tuvi,tuvi--tinh-duyen-hon-nhan--tong-quan-ban-doi,read,/tuvi?topic=tinh-duyen-hon-nhan&sub=tong-quan-ban-doi,/en/zi-wei?topic=tinh-duyen-hon-nhan&sub=tong-quan-ban-doi,profile,paid:9pt,"profile(dob,gender,birthHour,place)+topic+sub",structured AI reading (12 palaces + advice),TV-17,mapped-vi,services/admin/catalog.ts; prod site-config paid:9pt
tuvi,tuvi--tinh-duyen-hon-nhan--nhan-dinh-hon-nhan,read,/tuvi?topic=tinh-duyen-hon-nhan&sub=nhan-dinh-hon-nhan,/en/zi-wei?topic=tinh-duyen-hon-nhan&sub=nhan-dinh-hon-nhan,profile,paid:9pt,"profile(dob,gender,birthHour,place)+topic+sub",structured AI reading (12 palaces + advice),TV-18,mapped-vi,services/admin/catalog.ts; prod site-config paid:9pt
tuvi,tuvi--tinh-duyen-hon-nhan--tinh-cach-con-cai,read,/tuvi?topic=tinh-duyen-hon-nhan&sub=tinh-cach-con-cai,/en/zi-wei?topic=tinh-duyen-hon-nhan&sub=tinh-cach-con-cai,profile,paid:9pt,"profile(dob,gender,birthHour,place)+topic+sub",structured AI reading (12 palaces + advice),TV-19,mapped-vi,services/admin/catalog.ts; prod site-config paid:9pt
tuvi,tuvi--vi-sao-toi-la-toi--su-menh,read,/tuvi?topic=vi-sao-toi-la-toi&sub=su-menh,/en/zi-wei?topic=vi-sao-toi-la-toi&sub=su-menh,profile,paid:12pt,"profile(dob,gender,birthHour,place)+topic+sub",structured AI reading (12 palaces + advice),TV-20,mapped-vi,services/admin/catalog.ts; prod site-config paid:12pt
tuvi,tuvi--hoc-hanh-thi-cu--hoc-hanh-2026,read,/tuvi?topic=hoc-hanh-thi-cu&sub=hoc-hanh-2026,/en/zi-wei?topic=hoc-hanh-thi-cu&sub=hoc-hanh-2026,profile,paid:9pt,"profile(dob,gender,birthHour,place)+topic+sub",structured AI reading (12 palaces + advice),TV-21,mapped-vi,services/admin/catalog.ts; prod site-config paid:9pt
tuvi,tuvi--doi-cong-viec-2026--doi-viec-2026,read,/tuvi?topic=doi-cong-viec-2026&sub=doi-viec-2026,/en/zi-wei?topic=doi-cong-viec-2026&sub=doi-viec-2026,profile,paid:12pt,"profile(dob,gender,birthHour,place)+topic+sub",structured AI reading (12 palaces + advice),TV-22,mapped-vi,services/admin/catalog.ts; prod site-config paid:12pt
tuvi,tuvi--tieu-van-2026--tong-quan-2026,read,/tuvi?topic=tieu-van-2026&sub=tong-quan-2026,/en/zi-wei?topic=tieu-van-2026&sub=tong-quan-2026,profile,paid:9pt,"profile(dob,gender,birthHour,place)+topic+sub",structured AI reading (12 palaces + advice),TV-23,mapped-vi,services/admin/catalog.ts; prod site-config paid:9pt
tuvi,tuvi--tieu-van-2026--sunghiep-2026,read,/tuvi?topic=tieu-van-2026&sub=sunghiep-2026,/en/zi-wei?topic=tieu-van-2026&sub=sunghiep-2026,profile,paid:9pt,"profile(dob,gender,birthHour,place)+topic+sub",structured AI reading (12 palaces + advice),TV-24,mapped-vi,services/admin/catalog.ts; prod site-config paid:9pt
tuvi,tuvi--tieu-van-2026--tienbac-2026,read,/tuvi?topic=tieu-van-2026&sub=tienbac-2026,/en/zi-wei?topic=tieu-van-2026&sub=tienbac-2026,profile,paid:9pt,"profile(dob,gender,birthHour,place)+topic+sub",structured AI reading (12 palaces + advice),TV-25,mapped-vi,services/admin/catalog.ts; prod site-config paid:9pt
tuvi,tuvi--tieu-van-2026--tinhcam-2026,read,/tuvi?topic=tieu-van-2026&sub=tinhcam-2026,/en/zi-wei?topic=tieu-van-2026&sub=tinhcam-2026,profile,paid:9pt,"profile(dob,gender,birthHour,place)+topic+sub",structured AI reading (12 palaces + advice),TV-26,mapped-vi,services/admin/catalog.ts; prod site-config paid:9pt
tuvi,tuvi--tieu-van-2026--vanhan-2026,read,/tuvi?topic=tieu-van-2026&sub=vanhan-2026,/en/zi-wei?topic=tieu-van-2026&sub=vanhan-2026,profile,paid:9pt,"profile(dob,gender,birthHour,place)+topic+sub",structured AI reading (12 palaces + advice),TV-27,mapped-vi,services/admin/catalog.ts; prod site-config paid:9pt
tuvi,tuvi--cau-hoi-xuat-ngoai--danh-gia-co-hoi,read,/tuvi?topic=cau-hoi-xuat-ngoai&sub=danh-gia-co-hoi,/en/zi-wei?topic=cau-hoi-xuat-ngoai&sub=danh-gia-co-hoi,profile,paid:9pt,"profile(dob,gender,birthHour,place)+topic+sub",structured AI reading (12 palaces + advice),TV-28,mapped-vi,services/admin/catalog.ts; prod site-config paid:9pt
tuvi,tuvi--cau-hoi-xuat-ngoai--co-nen-di-xa,read,/tuvi?topic=cau-hoi-xuat-ngoai&sub=co-nen-di-xa,/en/zi-wei?topic=cau-hoi-xuat-ngoai&sub=co-nen-di-xa,profile,paid:9pt,"profile(dob,gender,birthHour,place)+topic+sub",structured AI reading (12 palaces + advice),TV-29,mapped-vi,services/admin/catalog.ts; prod site-config paid:9pt
tuvi,tuvi--cau-hoi-xuat-ngoai--nam-co-loi,read,/tuvi?topic=cau-hoi-xuat-ngoai&sub=nam-co-loi,/en/zi-wei?topic=cau-hoi-xuat-ngoai&sub=nam-co-loi,profile,paid:9pt,"profile(dob,gender,birthHour,place)+topic+sub",structured AI reading (12 palaces + advice),TV-30,mapped-vi,services/admin/catalog.ts; prod site-config paid:9pt
tuvi,tuvi--cau-hoi-tien-tai--tiem-nang-giau,read,/tuvi?topic=cau-hoi-tien-tai&sub=tiem-nang-giau,/en/zi-wei?topic=cau-hoi-tien-tai&sub=tiem-nang-giau,profile,paid:9pt,"profile(dob,gender,birthHour,place)+topic+sub",structured AI reading (12 palaces + advice),TV-31,mapped-vi,services/admin/catalog.ts; prod site-config paid:9pt
tuvi,tuvi--cau-hoi-tien-tai--hop-lam-chu,read,/tuvi?topic=cau-hoi-tien-tai&sub=hop-lam-chu,/en/zi-wei?topic=cau-hoi-tien-tai&sub=hop-lam-chu,profile,paid:9pt,"profile(dob,gender,birthHour,place)+topic+sub",structured AI reading (12 palaces + advice),TV-32,mapped-vi,services/admin/catalog.ts; prod site-config paid:9pt
tuvi,tuvi--cau-hoi-tien-tai--co-thua-huong,read,/tuvi?topic=cau-hoi-tien-tai&sub=co-thua-huong,/en/zi-wei?topic=cau-hoi-tien-tai&sub=co-thua-huong,profile,paid:9pt,"profile(dob,gender,birthHour,place)+topic+sub",structured AI reading (12 palaces + advice),TV-33,mapped-vi,services/admin/catalog.ts; prod site-config paid:9pt
tuvi,tuvi--cau-hoi-tien-tai--hop-bds,read,/tuvi?topic=cau-hoi-tien-tai&sub=hop-bds,/en/zi-wei?topic=cau-hoi-tien-tai&sub=hop-bds,profile,paid:9pt,"profile(dob,gender,birthHour,place)+topic+sub",structured AI reading (12 palaces + advice),TV-34,mapped-vi,services/admin/catalog.ts; prod site-config paid:9pt
tuvi,tuvi--cau-hoi-tien-tai--xu-huong-nha,read,/tuvi?topic=cau-hoi-tien-tai&sub=xu-huong-nha,/en/zi-wei?topic=cau-hoi-tien-tai&sub=xu-huong-nha,profile,paid:9pt,"profile(dob,gender,birthHour,place)+topic+sub",structured AI reading (12 palaces + advice),TV-35,mapped-vi,services/admin/catalog.ts; prod site-config paid:9pt
tuvi,tuvi--cau-hoi-su-nghiep--moi-truong-phu-hop,read,/tuvi?topic=cau-hoi-su-nghiep&sub=moi-truong-phu-hop,/en/zi-wei?topic=cau-hoi-su-nghiep&sub=moi-truong-phu-hop,profile,paid:9pt,"profile(dob,gender,birthHour,place)+topic+sub",structured AI reading (12 palaces + advice),TV-36,mapped-vi,services/admin/catalog.ts; prod site-config paid:9pt
tuvi,tuvi--cau-hoi-su-nghiep--hop-to-chuc,read,/tuvi?topic=cau-hoi-su-nghiep&sub=hop-to-chuc,/en/zi-wei?topic=cau-hoi-su-nghiep&sub=hop-to-chuc,profile,paid:9pt,"profile(dob,gender,birthHour,place)+topic+sub",structured AI reading (12 palaces + advice),TV-37,mapped-vi,services/admin/catalog.ts; prod site-config paid:9pt
tuvi,tuvi--cau-hoi-su-nghiep--don-bay,read,/tuvi?topic=cau-hoi-su-nghiep&sub=don-bay,/en/zi-wei?topic=cau-hoi-su-nghiep&sub=don-bay,profile,paid:9pt,"profile(dob,gender,birthHour,place)+topic+sub",structured AI reading (12 palaces + advice),TV-38,mapped-vi,services/admin/catalog.ts; prod site-config paid:9pt
tuvi,tuvi--cau-hoi-su-nghiep--nen-hoc-cao,read,/tuvi?topic=cau-hoi-su-nghiep&sub=nen-hoc-cao,/en/zi-wei?topic=cau-hoi-su-nghiep&sub=nen-hoc-cao,profile,paid:9pt,"profile(dob,gender,birthHour,place)+topic+sub",structured AI reading (12 palaces + advice),TV-39,mapped-vi,services/admin/catalog.ts; prod site-config paid:9pt
tuvi,tuvi--xu-huong-dai-van--dien-bien-40nam,read,/tuvi?topic=xu-huong-dai-van&sub=dien-bien-40nam,/en/zi-wei?topic=xu-huong-dai-van&sub=dien-bien-40nam,profile,paid:12pt,"profile(dob,gender,birthHour,place)+topic+sub",structured AI reading (12 palaces + advice),TV-40,mapped-vi,services/admin/catalog.ts; prod site-config paid:12pt
tuvi,tuvi--xu-huong-dai-van--thien-thoi-dia-loi,read,/tuvi?topic=xu-huong-dai-van&sub=thien-thoi-dia-loi,/en/zi-wei?topic=xu-huong-dai-van&sub=thien-thoi-dia-loi,profile,paid:12pt,"profile(dob,gender,birthHour,place)+topic+sub",structured AI reading (12 palaces + advice),TV-41,mapped-vi,services/admin/catalog.ts; prod site-config paid:12pt
tuvi,tuvi--xu-huong-dai-van--bieu-do-10nam,read,/tuvi?topic=xu-huong-dai-van&sub=bieu-do-10nam,/en/zi-wei?topic=xu-huong-dai-van&sub=bieu-do-10nam,profile,paid:12pt,"profile(dob,gender,birthHour,place)+topic+sub",structured AI reading (12 palaces + advice),TV-42,mapped-vi,services/admin/catalog.ts; prod site-config paid:12pt
tuvi,tuvi--period--today,refresh,/tuvi,/en/zi-wei,period,free,profile+period(today),AI period forecast (today),TV-43,mapped-vi,services/admin/catalog.ts; prod site-config free
zodiac,zodiac--period--today,refresh,/cunghoangdao,/en/astrology,period,free,profile+period(today),AI period forecast (today),ZD-01,mapped-vi,services/admin/catalog.ts; prod site-config free
tuvi,tuvi--period--week,refresh,/tuvi,/en/zi-wei,period,paid:3pt,profile+period(week),AI period forecast (week),TV-44,mapped-vi,services/admin/catalog.ts; prod site-config paid:3pt
zodiac,zodiac--period--week,refresh,/cunghoangdao,/en/astrology,period,paid:3pt,profile+period(week),AI period forecast (week),ZD-02,mapped-vi,services/admin/catalog.ts; prod site-config paid:3pt
tuvi,tuvi--period--month,refresh,/tuvi,/en/zi-wei,period,paid:5pt,profile+period(month),AI period forecast (month),TV-45,mapped-vi,services/admin/catalog.ts; prod site-config paid:5pt
zodiac,zodiac--period--month,refresh,/cunghoangdao,/en/astrology,period,paid:5pt,profile+period(month),AI period forecast (month),ZD-03,mapped-vi,services/admin/catalog.ts; prod site-config paid:5pt
zodiac,zodiac--tong-quan-la-so--bo-ba-loi,read,/cunghoangdao,/en/astrology,profile,free,profile(dob; birth time optional),structured AI reading (natal chart facts),ZD-04,mapped-vi,services/admin/catalog.ts; prod site-config free
zodiac,zodiac--tinh-yeu-cung--phong-cach-yeu,read,/cunghoangdao,/en/astrology,profile,paid:9pt,profile(dob; birth time optional),structured AI reading (natal chart facts),ZD-05,mapped-vi,services/admin/catalog.ts; prod site-config paid:9pt
zodiac,zodiac--su-nghiep-cung--huong-su-nghiep,read,/cunghoangdao,/en/astrology,profile,paid:9pt,profile(dob; birth time optional),structured AI reading (natal chart facts),ZD-06,mapped-vi,services/admin/catalog.ts; prod site-config paid:9pt
batu,batu--tinh-cach,read,/battu,/en/ba-zi,profile,free,"profile(dob,birthHour,place)",structured AI reading (four pillars),BT-01,mapped-vi,services/admin/catalog.ts; prod site-config free
batu,batu--su-nghiep-tien-tai,read,/battu,/en/ba-zi,profile,paid:12pt,"profile(dob,birthHour,place)",structured AI reading (four pillars),BT-02,mapped-vi,services/admin/catalog.ts; prod site-config paid:12pt
batu,batu--tinh-duyen,read,/battu,/en/ba-zi,profile,paid:12pt,"profile(dob,birthHour,place)",structured AI reading (four pillars),BT-03,mapped-vi,services/admin/catalog.ts; prod site-config paid:12pt
batu,batu--suc-khoe,read,/battu,/en/ba-zi,profile,paid:12pt,"profile(dob,birthHour,place)",structured AI reading (four pillars),BT-04,mapped-vi,services/admin/catalog.ts; prod site-config paid:12pt
numerology,numerology--life-path,read,/thansohoc,/en/numerology,profile,free,"profile(full name,dob)",structured AI reading (core numbers),NS-01,mapped-vi,services/admin/catalog.ts; prod site-config free
numerology,numerology--destiny,read,/thansohoc,/en/numerology,profile,paid:9pt,"profile(full name,dob)",structured AI reading (core numbers),NS-02,mapped-vi,services/admin/catalog.ts; prod site-config paid:9pt
numerology,numerology--inner-self,read,/thansohoc,/en/numerology,profile,paid:9pt,"profile(full name,dob)",structured AI reading (core numbers),NS-03,mapped-vi,services/admin/catalog.ts; prod site-config paid:9pt
numerology,numerology--birth-grid,read,/thansohoc,/en/numerology,profile,free,"profile(full name,dob)",structured AI reading (core numbers),NS-04,mapped-vi,services/admin/catalog.ts; prod site-config free
numerology,numerology--cycles,read,/thansohoc,/en/numerology,profile,paid:9pt,"profile(full name,dob)",structured AI reading (core numbers),NS-05,mapped-vi,services/admin/catalog.ts; prod site-config paid:9pt
numerology,numerology--personal-year,refresh,/thansohoc,/en/numerology,period,paid:5pt,profile+period(year),AI period forecast (year),NS-06,mapped-vi,services/admin/catalog.ts; prod site-config paid:5pt
tarot,tarot--one,draw,/tarot,/en/tarot,session,paid:3pt,question+spread+drawn cards,structured AI spread reading,TT-01,mapped-vi,services/admin/catalog.ts; prod site-config paid:3pt
tarot,tarot--three--ppf,draw,/tarot,/en/tarot,session,paid:5pt,question+spread+drawn cards,structured AI spread reading,TT-02,mapped-vi,services/admin/catalog.ts; prod site-config paid:5pt
tarot,tarot--three--sao,draw,/tarot,/en/tarot,session,paid:5pt,question+spread+drawn cards,structured AI spread reading,TT-03,mapped-vi,services/admin/catalog.ts; prod site-config paid:5pt
tarot,tarot--three--soa,draw,/tarot,/en/tarot,session,paid:5pt,question+spread+drawn cards,structured AI spread reading,TT-04,mapped-vi,services/admin/catalog.ts; prod site-config paid:5pt
tarot,tarot--cross5,draw,/tarot,/en/tarot,session,paid:7pt,question+spread+drawn cards,structured AI spread reading,TT-05,mapped-vi,services/admin/catalog.ts; prod site-config paid:7pt
tarot,tarot--relationship5,draw,/tarot,/en/tarot,session,paid:7pt,question+spread+drawn cards,structured AI spread reading,TT-06,mapped-vi,services/admin/catalog.ts; prod site-config paid:7pt
tarot,tarot--celtic10,draw,/tarot,/en/tarot,session,paid:9pt,question+spread+drawn cards,structured AI spread reading,TT-07,mapped-vi,services/admin/catalog.ts; prod site-config paid:9pt
kinhdich,kinhdich--interpretation,cast,/kinhdich,/en/i-ching,session,paid:5pt,"question+coin cast (hexagram, moving lines)",structured AI hexagram interpretation,KD-01,mapped-vi,services/admin/catalog.ts; prod site-config paid:5pt
compat,compat--pair,read,/tuonghop,/en/compatibility,profile,paid:15pt,two persons (names+dob; mode for pairs),structured AI compatibility reading,TH-01,mapped-vi,services/admin/catalog.ts; prod site-config paid:15pt
zodiac,zodiac--tong-quan-la-so--diem-noi-bat,read,/cunghoangdao,/en/astrology,profile,paid:9pt,profile(dob; birth time optional),structured AI reading (natal chart facts),ZD-07,mapped-vi,services/admin/catalog.ts; prod site-config paid:9pt
zodiac,zodiac--big-3--mat-troi,read,/cunghoangdao,/en/astrology,profile,free,profile(dob; birth time optional),structured AI reading (natal chart facts),ZD-08,mapped-vi,services/admin/catalog.ts; prod site-config free
zodiac,zodiac--big-3--mat-trang,read,/cunghoangdao,/en/astrology,profile,paid:9pt,profile(dob; birth time optional),structured AI reading (natal chart facts),ZD-09,mapped-vi,services/admin/catalog.ts; prod site-config paid:9pt
zodiac,zodiac--big-3--cung-moc,read,/cunghoangdao,/en/astrology,profile,paid:9pt,profile(dob; birth time optional),structured AI reading (natal chart facts),ZD-10,mapped-vi,services/admin/catalog.ts; prod site-config paid:9pt
zodiac,zodiac--big-3--ket-hop,read,/cunghoangdao,/en/astrology,profile,paid:9pt,profile(dob; birth time optional),structured AI reading (natal chart facts),ZD-11,mapped-vi,services/admin/catalog.ts; prod site-config paid:9pt
zodiac,zodiac--hanh-tinh--hanh-tinh-ca-nhan,read,/cunghoangdao,/en/astrology,profile,paid:9pt,profile(dob; birth time optional),structured AI reading (natal chart facts),ZD-12,mapped-vi,services/admin/catalog.ts; prod site-config paid:9pt
zodiac,zodiac--hanh-tinh--hanh-tinh-xa-xi,read,/cunghoangdao,/en/astrology,profile,paid:9pt,profile(dob; birth time optional),structured AI reading (natal chart facts),ZD-13,mapped-vi,services/admin/catalog.ts; prod site-config paid:9pt
zodiac,zodiac--12-nha--nhac-trung-tam,read,/cunghoangdao,/en/astrology,profile,paid:9pt,profile(dob; birth time optional),structured AI reading (natal chart facts),ZD-14,mapped-vi,services/admin/catalog.ts; prod site-config paid:9pt
zodiac,zodiac--12-nha--nha-khac,read,/cunghoangdao,/en/astrology,profile,paid:9pt,profile(dob; birth time optional),structured AI reading (natal chart facts),ZD-15,mapped-vi,services/admin/catalog.ts; prod site-config paid:9pt
zodiac,zodiac--goc-chieu--goc-thuan-loi,read,/cunghoangdao,/en/astrology,profile,paid:9pt,profile(dob; birth time optional),structured AI reading (natal chart facts),ZD-16,mapped-vi,services/admin/catalog.ts; prod site-config paid:9pt
zodiac,zodiac--goc-chieu--goc-thach-thuc,read,/cunghoangdao,/en/astrology,profile,paid:9pt,profile(dob; birth time optional),structured AI reading (natal chart facts),ZD-17,mapped-vi,services/admin/catalog.ts; prod site-config paid:9pt
zodiac,zodiac--tinh-cach-cung--dac-diem-cot-loi,read,/cunghoangdao,/en/astrology,profile,paid:9pt,profile(dob; birth time optional),structured AI reading (natal chart facts),ZD-18,mapped-vi,services/admin/catalog.ts; prod site-config paid:9pt
zodiac,zodiac--tinh-cach-cung--diem-manh-yeu,read,/cunghoangdao,/en/astrology,profile,paid:9pt,profile(dob; birth time optional),structured AI reading (natal chart facts),ZD-19,mapped-vi,services/admin/catalog.ts; prod site-config paid:9pt
zodiac,zodiac--tinh-yeu-cung--nhu-cau-cam-xuc,read,/cunghoangdao,/en/astrology,profile,paid:9pt,profile(dob; birth time optional),structured AI reading (natal chart facts),ZD-20,mapped-vi,services/admin/catalog.ts; prod site-config paid:9pt
zodiac,zodiac--su-nghiep-cung--tai-chinh,read,/cunghoangdao,/en/astrology,profile,paid:9pt,profile(dob; birth time optional),structured AI reading (natal chart facts),ZD-21,mapped-vi,services/admin/catalog.ts; prod site-config paid:9pt
compat,compat--tuvi-pair,read,/tuonghop?mode=tuvi,/en/compatibility?mode=tuvi,profile,paid:19pt,two persons (names+dob; mode for pairs),structured AI compatibility reading,TH-02,mapped-vi,services/admin/catalog.ts; prod site-config paid:19pt
compat,compat--batu-pair,read,/tuonghop?mode=batu,/en/compatibility?mode=batu,profile,paid:19pt,two persons (names+dob; mode for pairs),structured AI compatibility reading,TH-03,mapped-vi,services/admin/catalog.ts; prod site-config paid:19pt
tuvi,tuvi,open,/tuvi,/en/zi-wei,navigation,free,authenticated user opens module,module landing + free overview reading,TV-46,mapped-vi,prod site-config free module row; services/admin/modules.ts
zodiac,zodiac,open,/cunghoangdao,/en/astrology,navigation,free,authenticated user opens module,module landing + free overview reading,ZD-22,mapped-vi,prod site-config free module row; services/admin/modules.ts
kinhdich,kinhdich,open,/kinhdich,/en/i-ching,navigation,free,authenticated user opens module,module landing + free overview reading,KD-02,mapped-vi,prod site-config free module row; services/admin/modules.ts
batu,batu,open,/battu,/en/ba-zi,navigation,free,authenticated user opens module,module landing + free overview reading,BT-05,mapped-vi,prod site-config free module row; services/admin/modules.ts
numerology,numerology,open,/thansohoc,/en/numerology,navigation,free,authenticated user opens module,module landing + free overview reading,NS-07,mapped-vi,prod site-config free module row; services/admin/modules.ts
tarot,tarot,open,/tarot,/en/tarot,navigation,free,authenticated user opens module,module landing + free overview reading,TT-08,mapped-vi,prod site-config free module row; services/admin/modules.ts
compat,compat,open,/tuonghop,/en/compatibility,navigation,free,authenticated user opens module,module landing + free overview reading,TH-04,mapped-vi,prod site-config free module row; services/admin/modules.ts
tuvi,bundle:tuvi,unlock-bundle,/hoso?unlock=tuvi,/en/profile?unlock=tuvi,grant,unlock price server-side,paid-service owner requests bundle upgrade quote,42 member services unlocked persistently,BND-01,mapped-vi,services/admin/service-tree.ts bundleDefinitions; services/backend/service-unlocks.mjs
tuvi,bundle:tuvi--tim-hieu-ban-than,unlock-bundle,/hoso?unlock=tuvi--tim-hieu-ban-than,/en/profile?unlock=tuvi--tim-hieu-ban-than,grant,unlock price server-side,paid-service owner requests bundle upgrade quote,4 member services unlocked persistently,BND-02,mapped-vi,services/admin/service-tree.ts bundleDefinitions; services/backend/service-unlocks.mjs
tuvi,bundle:tuvi--su-nghiep-tai-loc,unlock-bundle,/hoso?unlock=tuvi--su-nghiep-tai-loc,/en/profile?unlock=tuvi--su-nghiep-tai-loc,grant,unlock price server-side,paid-service owner requests bundle upgrade quote,4 member services unlocked persistently,BND-03,mapped-vi,services/admin/service-tree.ts bundleDefinitions; services/backend/service-unlocks.mjs
tuvi,bundle:tuvi--van-trinh-su-nghiep,unlock-bundle,/hoso?unlock=tuvi--van-trinh-su-nghiep,/en/profile?unlock=tuvi--van-trinh-su-nghiep,grant,unlock price server-side,paid-service owner requests bundle upgrade quote,1 member services unlocked persistently,BND-04,mapped-vi,services/admin/service-tree.ts bundleDefinitions; services/backend/service-unlocks.mjs
tuvi,bundle:tuvi--hieu-ban-doi,unlock-bundle,/hoso?unlock=tuvi--hieu-ban-doi,/en/profile?unlock=tuvi--hieu-ban-doi,grant,unlock price server-side,paid-service owner requests bundle upgrade quote,3 member services unlocked persistently,BND-05,mapped-vi,services/admin/service-tree.ts bundleDefinitions; services/backend/service-unlocks.mjs
tuvi,bundle:tuvi--tinh-duyen-hon-nhan,unlock-bundle,/hoso?unlock=tuvi--tinh-duyen-hon-nhan,/en/profile?unlock=tuvi--tinh-duyen-hon-nhan,grant,unlock price server-side,paid-service owner requests bundle upgrade quote,7 member services unlocked persistently,BND-06,mapped-vi,services/admin/service-tree.ts bundleDefinitions; services/backend/service-unlocks.mjs
tuvi,bundle:tuvi--vi-sao-toi-la-toi,unlock-bundle,/hoso?unlock=tuvi--vi-sao-toi-la-toi,/en/profile?unlock=tuvi--vi-sao-toi-la-toi,grant,unlock price server-side,paid-service owner requests bundle upgrade quote,1 member services unlocked persistently,BND-07,mapped-vi,services/admin/service-tree.ts bundleDefinitions; services/backend/service-unlocks.mjs
tuvi,bundle:tuvi--hoc-hanh-thi-cu,unlock-bundle,/hoso?unlock=tuvi--hoc-hanh-thi-cu,/en/profile?unlock=tuvi--hoc-hanh-thi-cu,grant,unlock price server-side,paid-service owner requests bundle upgrade quote,1 member services unlocked persistently,BND-08,mapped-vi,services/admin/service-tree.ts bundleDefinitions; services/backend/service-unlocks.mjs
tuvi,bundle:tuvi--doi-cong-viec-2026,unlock-bundle,/hoso?unlock=tuvi--doi-cong-viec-2026,/en/profile?unlock=tuvi--doi-cong-viec-2026,grant,unlock price server-side,paid-service owner requests bundle upgrade quote,1 member services unlocked persistently,BND-09,mapped-vi,services/admin/service-tree.ts bundleDefinitions; services/backend/service-unlocks.mjs
tuvi,bundle:tuvi--tieu-van-2026,unlock-bundle,/hoso?unlock=tuvi--tieu-van-2026,/en/profile?unlock=tuvi--tieu-van-2026,grant,unlock price server-side,paid-service owner requests bundle upgrade quote,5 member services unlocked persistently,BND-10,mapped-vi,services/admin/service-tree.ts bundleDefinitions; services/backend/service-unlocks.mjs
tuvi,bundle:tuvi--cau-hoi-xuat-ngoai,unlock-bundle,/hoso?unlock=tuvi--cau-hoi-xuat-ngoai,/en/profile?unlock=tuvi--cau-hoi-xuat-ngoai,grant,unlock price server-side,paid-service owner requests bundle upgrade quote,3 member services unlocked persistently,BND-11,mapped-vi,services/admin/service-tree.ts bundleDefinitions; services/backend/service-unlocks.mjs
tuvi,bundle:tuvi--cau-hoi-tien-tai,unlock-bundle,/hoso?unlock=tuvi--cau-hoi-tien-tai,/en/profile?unlock=tuvi--cau-hoi-tien-tai,grant,unlock price server-side,paid-service owner requests bundle upgrade quote,5 member services unlocked persistently,BND-12,mapped-vi,services/admin/service-tree.ts bundleDefinitions; services/backend/service-unlocks.mjs
tuvi,bundle:tuvi--cau-hoi-su-nghiep,unlock-bundle,/hoso?unlock=tuvi--cau-hoi-su-nghiep,/en/profile?unlock=tuvi--cau-hoi-su-nghiep,grant,unlock price server-side,paid-service owner requests bundle upgrade quote,4 member services unlocked persistently,BND-13,mapped-vi,services/admin/service-tree.ts bundleDefinitions; services/backend/service-unlocks.mjs
tuvi,bundle:tuvi--xu-huong-dai-van,unlock-bundle,/hoso?unlock=tuvi--xu-huong-dai-van,/en/profile?unlock=tuvi--xu-huong-dai-van,grant,unlock price server-side,paid-service owner requests bundle upgrade quote,3 member services unlocked persistently,BND-14,mapped-vi,services/admin/service-tree.ts bundleDefinitions; services/backend/service-unlocks.mjs
zodiac,bundle:zodiac,unlock-bundle,/hoso?unlock=zodiac,/en/profile?unlock=zodiac,grant,unlock price server-side,paid-service owner requests bundle upgrade quote,18 member services unlocked persistently,BND-15,mapped-vi,services/admin/service-tree.ts bundleDefinitions; services/backend/service-unlocks.mjs
zodiac,bundle:zodiac--tong-quan-la-so,unlock-bundle,/hoso?unlock=zodiac--tong-quan-la-so,/en/profile?unlock=zodiac--tong-quan-la-so,grant,unlock price server-side,paid-service owner requests bundle upgrade quote,2 member services unlocked persistently,BND-16,mapped-vi,services/admin/service-tree.ts bundleDefinitions; services/backend/service-unlocks.mjs
zodiac,bundle:zodiac--tinh-yeu-cung,unlock-bundle,/hoso?unlock=zodiac--tinh-yeu-cung,/en/profile?unlock=zodiac--tinh-yeu-cung,grant,unlock price server-side,paid-service owner requests bundle upgrade quote,2 member services unlocked persistently,BND-17,mapped-vi,services/admin/service-tree.ts bundleDefinitions; services/backend/service-unlocks.mjs
zodiac,bundle:zodiac--su-nghiep-cung,unlock-bundle,/hoso?unlock=zodiac--su-nghiep-cung,/en/profile?unlock=zodiac--su-nghiep-cung,grant,unlock price server-side,paid-service owner requests bundle upgrade quote,2 member services unlocked persistently,BND-18,mapped-vi,services/admin/service-tree.ts bundleDefinitions; services/backend/service-unlocks.mjs
zodiac,bundle:zodiac--big-3,unlock-bundle,/hoso?unlock=zodiac--big-3,/en/profile?unlock=zodiac--big-3,grant,unlock price server-side,paid-service owner requests bundle upgrade quote,4 member services unlocked persistently,BND-19,mapped-vi,services/admin/service-tree.ts bundleDefinitions; services/backend/service-unlocks.mjs
zodiac,bundle:zodiac--hanh-tinh,unlock-bundle,/hoso?unlock=zodiac--hanh-tinh,/en/profile?unlock=zodiac--hanh-tinh,grant,unlock price server-side,paid-service owner requests bundle upgrade quote,2 member services unlocked persistently,BND-20,mapped-vi,services/admin/service-tree.ts bundleDefinitions; services/backend/service-unlocks.mjs
zodiac,bundle:zodiac--12-nha,unlock-bundle,/hoso?unlock=zodiac--12-nha,/en/profile?unlock=zodiac--12-nha,grant,unlock price server-side,paid-service owner requests bundle upgrade quote,2 member services unlocked persistently,BND-21,mapped-vi,services/admin/service-tree.ts bundleDefinitions; services/backend/service-unlocks.mjs
zodiac,bundle:zodiac--goc-chieu,unlock-bundle,/hoso?unlock=zodiac--goc-chieu,/en/profile?unlock=zodiac--goc-chieu,grant,unlock price server-side,paid-service owner requests bundle upgrade quote,2 member services unlocked persistently,BND-22,mapped-vi,services/admin/service-tree.ts bundleDefinitions; services/backend/service-unlocks.mjs
zodiac,bundle:zodiac--tinh-cach-cung,unlock-bundle,/hoso?unlock=zodiac--tinh-cach-cung,/en/profile?unlock=zodiac--tinh-cach-cung,grant,unlock price server-side,paid-service owner requests bundle upgrade quote,2 member services unlocked persistently,BND-23,mapped-vi,services/admin/service-tree.ts bundleDefinitions; services/backend/service-unlocks.mjs
batu,bundle:batu,unlock-bundle,/hoso?unlock=batu,/en/profile?unlock=batu,grant,unlock price server-side,paid-service owner requests bundle upgrade quote,4 member services unlocked persistently,BND-24,mapped-vi,services/admin/service-tree.ts bundleDefinitions; services/backend/service-unlocks.mjs
batu,bundle:batu--readings,unlock-bundle,/hoso?unlock=batu--readings,/en/profile?unlock=batu--readings,grant,unlock price server-side,paid-service owner requests bundle upgrade quote,4 member services unlocked persistently,BND-25,mapped-vi,services/admin/service-tree.ts bundleDefinitions; services/backend/service-unlocks.mjs
numerology,bundle:numerology,unlock-bundle,/hoso?unlock=numerology,/en/profile?unlock=numerology,grant,unlock price server-side,paid-service owner requests bundle upgrade quote,5 member services unlocked persistently,BND-26,mapped-vi,services/admin/service-tree.ts bundleDefinitions; services/backend/service-unlocks.mjs
numerology,bundle:numerology--readings,unlock-bundle,/hoso?unlock=numerology--readings,/en/profile?unlock=numerology--readings,grant,unlock price server-side,paid-service owner requests bundle upgrade quote,5 member services unlocked persistently,BND-27,mapped-vi,services/admin/service-tree.ts bundleDefinitions; services/backend/service-unlocks.mjs
account,login-zalo,login,/,/en,auth,free,Zalo OAuth (browser fallback flag on),session cookie + app_users row,AUTH-01,mapped-vi,services/backend/auth.mjs; EN switches to Google per plan task 11-12
account,login-guest,login,/,/en,auth,free,continue as guest,guest session; data local until login,AUTH-02,mapped-vi,web/src/lib/auth.tsx
account,logout,logout,/hoso,/en/profile,auth,free,tap logout,session cleared,AUTH-03,mapped-vi,web/src/components/shell/AuthMenu.tsx
account,google-login,login,-,-,auth,n/a,-,-,AUTH-04,absent-planned-t11-12,new for EN/US market; not in VI product today
account,language-switch,switch,-,-,ui,n/a,-,-,LNG-01,absent-planned-t04,no switcher in VI today; created in task 04
account,profile-edit,update,/hoso,/en/profile,profile,free,"edit dob, gender, birth hour, birth place",profile saved; readings recompute scope,PROF-01,mapped-vi,web/src/components/profile/ProfileModal.tsx
account,account-deletion,delete,-,-,account,n/a,-,-,PROF-02,absent,no deletion endpoint found (rg account deletion: 0 hits) — gap to decide before US privacy policy
wallet,topup,pay,/banggia,/en/pricing,wallet,real-money VND,"PayOS checkout, 5 packages",Point credited after verified webhook,WAL-01,mapped-vi,services/backend/payments.mjs; packages in site-config
wallet,promo-redeem,redeem,/banggia,/en/pricing,wallet,free,promo code at topup,verified bonus added to checkout/direct credit,WAL-02,mapped-vi,services/backend/payments.mjs (promo verify)
wallet,points-history,view,/hoso?section=points,/en/profile?section=points,wallet,free,open wallet history,paged ledger entries,WAL-03,mapped-vi,/api/points/history; web/src/lib/points.ts
rewards,checkin-streak,claim,/hoso?section=earn,/en/profile?section=earn,rewards,free (config points),daily check-in,point grant + streak counter,REW-01,mapped-vi,services/backend/rewards.mjs (checkin)
rewards,referral,claim,/hoso?section=earn,/en/profile?section=earn,rewards,free (config points),share referral code,inviter grant after invitee event; anti-loop,REW-02,mapped-vi,services/backend/rewards.mjs (referral)
rewards,rewarded-ads,watch,/hoso?section=earn,/en/profile?section=earn,rewards,free (config points/cap),"watch ad, client reports done",point grant with session + daily cap,REW-03,mapped-vi,services/backend/rewarded-ads.mjs; no SSV — US provider pending (plan G)
rewards,first-topup,claim,/banggia,/en/pricing,rewards,free (config points),first successful topup,one-time bonus grant,REW-04,mapped-vi,services/backend/rewards.mjs
billing,unlock-service,unlock,/hoso,/en/profile,grant,paid (points),unlock single paid service,persistent grant; upgrade quotes server-side,UNL-01,mapped-vi,services/backend/service-unlocks.mjs; billing.unlocks.enabled=true
history,saved-readings,view,/hoso,/en/profile,history,free re-read,open purchased reading,"original language/revision preserved, no recharge",HIS-01,mapped-vi,web/src/lib/cloud-sync.ts; ai-report retention tests
history,tarot-journal,view,/tarot?history=1,/en/tarot?history=1,history,free,open journal,past draws replayable,HIS-02,mapped-vi,astrox_tarot_history_v1; web/src/lib/tarot-history.ts
terms,consent,consent,/dieukhoan,/en/terms,legal,free,accept TERMS_VERSION at login,consent recorded; re-ask on version bump,TRM-01,mapped-vi,web/src/lib/terms.ts; popup login flow
